"slug","name.en","name.he","roles.he","sex.en","sex.he","is_current","party","img_url","email","fax","phone","place_of_residence.he","place_of_residence_lat","place_of_residence_lon","residence_economy","residence_centrality","bills_stats_proposed","bills_stats_pre","bills_stats_first","bills_stats_approved","family_status.he","family_status.en","average_monthly_committee_presence","average_weekly_presence_hours","date_of_birth","place_of_birth.he","year_of_aliyah","start_date","number_of_children"
"slug","str","str","str","str","str","bool","ref:gov/knesset/parties","str","str","str","str","str","float","str","int","int","int","int","int","int","str","str","float","float","str","str","int","str","int"
"dicter_abraham","Dicter Abraham","אבי (משה) דיכטר","חבר כנסת באופוזיציה","Male","זכר",TRUE,"kadima","http://www.knesset.gov.il/mk/images/members/dicter_abraham-s.jpg","adichter@knesset.gov.il","02-6496404","02-6408515","אשקלון",31.6666667,34.5666667,5,6,9,2,0,0,"נשוי","Married",0.38,17.5,14/12/52,"אשקלון, ישראל",,24/02/09,3
"liberman_avigdor","Liberman Avigdor","אביגדור ליברמן","סגן ראש הממשלה, שר החוץ","Male","זכר",TRUE,"israel_beytenu","http://www.knesset.gov.il/mk/images/members/liberman_avigdor-s.jpg","aliberman@knesset.gov.il","02-6408921","02-6408388","נוקדים",31.64533,35.244065,4,5,3,0,0,0,"נשוי","Married",0.09,5.7,05/06/58,"ברה”מ, ברית המועצות",1978,24/02/09,3
"braverman_avishay","Braverman Avishay","אבישי ברוורמן","חבר כנסת באופוזיציה","Male","זכר",TRUE,"haavoda","http://www.knesset.gov.il/mk/images/members/braverman_avishay-s.jpg","abraverman@knesset.gov.il",,"02-675-3333","תל אביב",32.0554,34.7595,8,10,0,0,0,0,"נשוי","Married",0.39,10.3,15/01/48,"ישראל",,24/02/09,2
"sarsur_ibrahim","Sarsur Ibrahim","אברהים צרצור","חבר כנסת באופוזיציה","Male","זכר",TRUE,"raam_taal","http://www.knesset.gov.il/mk/images/members/sarsur_ibrahim-s.jpg","isarsur@knesset.gov.il","02-6408910","02-6408415","כפר קאסם",32.1151,34.9751,3,7,14,1,0,0,"נשוי","Married",1.03,16.8,02/02/59,"כפר קאסם, ישראל",,24/02/09,1
"michaeli_avraham","Michaeli Avraham","אברהם מיכאלי","חבר כנסת בקואליציה","Male","זכר",TRUE,"shas","http://www.knesset.gov.il/mk/images/members/michaeli_avraham-s.jpg","amichaeli@knesset.gov.il","02-6753961","02-6408128","אור יהודה",32.0333333,34.85,5,8,111,18,6,2,,,22.28,31.4,29/03/57,"קולשי, גרוזיה",,24/02/09,
"barak_ehud","Barak Ehud","אהוד ברק","סגן ראש הממשלה, שר הביטחון","Male","זכר",TRUE,"haatzmaut","http://www.knesset.gov.il/mk/images/members/barak_ehud-s.jpg","ehudb@knesset.gov.il","02-6496117","02-6753223","תל אביב",32.0554,34.7595,8,10,0,0,0,0,"נשוי","Married",0.09,5.5,12/02/42,"קיבוץ משמר השרון, ישראל",,24/02/09,3
"akunis_ofir","Akunis Ofir","אופיר אקוניס","חבר כנסת בקואליציה","Male","זכר",TRUE,"halikud","http://www.knesset.gov.il/mk/images/members/akunis_ofir-s.jpg","oakunis@knesset.gov.il","02-6408917","02-6408120","תל אביב",32.0554,34.7595,8,10,27,6,3,2,"נשוי","Married",13.88,21.2,28/05/73,"ישראל",,24/02/09,2
"pinespaz_ofir","Pinespaz Ofir","אופיר פינס-פז","חבר כנסת לשעבר","Male","זכר",FALSE,"haavoda","http://www.knesset.gov.il/mk/images/members/pinespaz_ofir-s.jpg","pinespaz@knesset.gov.il","02-6496172","02-6408809",,,,8,8,120,9,2,1,"נשוי","Married",15.75,11,11/07/61,"ראשון לציון, ישראל",,24/02/09,2
"Orbach_Uri","Orbach Uri","אורי אורבך","חבר כנסת בקואליציה","Male","זכר",TRUE,"habait_hayehudi","http://www.knesset.gov.il/mk/images/members/Orbach_Uri-s.jpg","uorbach@knesset.gov.il",,"02-6408167","מודיעין",32.109878,34.895582,8,7,82,13,6,3,"נשוי","Married",12.53,22.7,28/03/60,"ישראל",,24/02/09,4
"ariel_uri-yehuda","Ariel Uri-Yehuda","אורי יהודה אריאל","חבר כנסת באופוזיציה","Male","זכר",TRUE,"haichud_haleumi","http://www.knesset.gov.il/mk/images/members/ariel_uri-yehuda-s.jpg","uria@knesset.gov.il","02-6753738","02-6408101","כפר אדומים",31.819085,35.349369,4,6,86,19,4,1,"נשוי","Married",8.66,24.5,22/12/52,"עפולה, ישראל",,24/02/09,6
"uri_maklev","Uri Maklev","אורי מקלב","יו""ר ועדה מיוחדת לפניות הציבור","Male","זכר",TRUE,"yehadut_hatora","http://www.knesset.gov.il/mk/images/members/uri_maklev-s.jpg","umaklev@knesset.gov.il","02-6496514","02-6408134","ירושלים",31.7857,35.2007,4,9,83,22,8,4,"נשוי","Married",13.15,35.3,10/01/57,"ישראל",,24/02/09,5
"Zuaretz_Orit","Zuaretz Orit","אורית זוארץ","חברת כנסת באופוזיציה","Female","נקבה",TRUE,"kadima","http://www.knesset.gov.il/mk/images/members/Zuaretz_Orit-s.jpg","ozuaretz@knesset.gov.il","02-6496586","02-6753333","קדימה צורן",32.2833333,34.9166667,7,7,79,11,2,1,"נשואה","Married",5.23,19.5,21/02/67,"ברית המועצות",1971,24/02/09,3
"noked_orit","Noked Orit","אורית נוקד","שרת החקלאות ופיתוח הכפר","Female","נקבה",TRUE,"haatzmaut","http://www.knesset.gov.il/mk/images/members/noked_orit-s.jpg","oritn@knesset.gov.il","02-6408913","02-6408424","קיבוץ שפיים",32.2169444,34.8247222,9,7,12,0,0,0,"נשואה","Married",0.71,7.5,25/10/52,"ישראל",,24/02/09,3
"Levy_Orli","Levy Orli","אורלי לוי-אבקסיס","חברת כנסת בקואליציה","Female","נקבה",TRUE,"israel_beytenu","http://www.knesset.gov.il/mk/images/members/Levy_Orli-s.jpg","olevy@knesset.gov.il","02-6753570","02-6408895","קיבוץ מסילות",32.497361,35.474653,5,4,49,11,1,0,"נשואה","Married",9.29,15.5,11/11/73,"ישראל",,24/02/09,3
"tibi_ahmed","Tibi Ahmed","אחמד טיבי","יו""ר ועדת חקירה פרלמנטרית בנושא קליטת עובדים ערבים בשירות הציבורי","Male","זכר",TRUE,"raam_taal","http://www.knesset.gov.il/mk/images/members/tibi_ahmed-s.jpg","atibi@knesset.gov.il","02-6496199","02-6408335","טייבה",32.2666667,35,3,7,66,3,1,1,"נשוי","Married",6.68,16.6,19/12/58,"ישראל",,24/02/09,2
"kara_ayoob","Kara Ayoob","איוב קרא","סגן שר לפיתוח הנגב והגליל","Male","זכר",TRUE,"halikud","http://www.knesset.gov.il/mk/images/members/kara_ayoob-s.jpg","akara@KNESSET.GOV.IL","02-6496127","02-6408193","דאלית-אל-כרמל",32.6930556,35.0494444,4,5,0,0,0,0,"נשוי","Married",0.7,12.9,12/03/55,"ישראל",,24/02/09,5
"gilon_ilan","Gilon Ilan","אילן גילאון","חבר כנסת באופוזיציה","Male","זכר",TRUE,"meretz","http://www.knesset.gov.il/mk/images/members/gilon_ilan-s.jpg","igilon@knesset.gov.il",,"02-6408403","אשדוד",31.8198,34.6696,5,7,65,4,1,1,"נשוי","Married",9.03,17.7,12/05/56,"רומניה",,24/02/09,4
"cabel_eitan","Cabel Eitan","איתן כבל","חבר כנסת באופוזיציה","Male","זכר",TRUE,"haavoda","http://www.knesset.gov.il/mk/images/members/cabel_eitan-s.jpg","ecabel@knesset.gov.il","02-6496118","02-6408838","ראש העין",32.099299,34.953175,6,8,105,17,2,0,"נשוי","Married",5.22,17.8,23/08/59,"ראש העין, ישראל",,24/02/09,3
"aflalo_eli","Aflalo Eli","אלי אפללו","חבר כנסת באופוזיציה","Male","זכר",TRUE,"kadima","http://www.knesset.gov.il/mk/images/members/aflalo_eli-s.jpg","eaflalo@knesset.gov.il","02-6496164","02-6408468","עפולה",32.6077778,35.2897222,5,5,16,3,0,0,,,3.54,10.5,08/09/52,"קזבלנקה, מרוקו",1962,24/02/09,3
"yishai_eli","Yishai Eli","אליהו ישי","סגן ראש הממשלה, שר הפנים","Male","זכר",TRUE,"shas","http://www.knesset.gov.il/mk/images/members/yishai_eli-s.jpg","eyishay@knesset.gov.il","02-6662909","02-6408406","ירושלים",31.7857,35.2007,4,9,0,0,0,0,"נשוי","Married",0.04,5.4,26/12/62,"ישראל",,24/02/09,5
"Miller_Alex","Miller Alex","אלכס מילר","יו""ר ועדת החינוך, התרבות והספורט","Male","זכר",TRUE,"israel_beytenu","http://www.knesset.gov.il/mk/images/members/Miller_Alex-s.jpg","amiller@knesset.gov.il","02-6496479","02-6408017","אריאל",32.10468,35.174446,6,6,84,19,7,4,"נשוי","Married",19.2,20.2,04/04/77,"מוסקבה, ברית המועצות",,24/02/09,1
"cohen_amnon","Cohen Amnon","אמנון כהן","חבר כנסת בקואליציה","Male","זכר",TRUE,"shas","http://www.knesset.gov.il/mk/images/members/cohen_amnon-s.jpg","amncohen@knesset.gov.il","02-6408927","02-6408372","רמלה",31.9333333,34.8666667,4,8,82,19,8,8,"נשוי","Married",20.23,18.9,01/06/60,"אוזבקיסטן",1973,24/02/09,4
"Michaeli_Anastassia","Michaeli Anastassia","אנסטסיה מיכאלי","חברת כנסת בקואליציה","Female","נקבה",TRUE,"israel_beytenu","http://www.knesset.gov.il/mk/images/members/Michaeli_Anastassia-s.jpg","anmichaely@knesset.gov.il","02-6753631","02-6408148","ראשון לציון",31.9621389,34.8045361,7,9,35,8,0,0,"נשואה","Married",6.15,19.2,12/07/75,"סנט פטרבורג, רוסיה",,24/02/09,8
"atias_ariel","Atias Ariel","אריאל אטיאס","שר הבינוי והשיכון","Male","זכר",TRUE,"shas","http://www.knesset.gov.il/mk/images/members/atias_ariel-s.jpg","aatias@knesset.gov.il","02-6753934","02-6753220","ירושלים",31.7857,35.2007,4,9,0,0,0,0,"נשוי","Married",0.61,9.5,13/11/70,"תל אביב, ישראל",,24/02/09,4
"eldad_aryeh","Eldad Aryeh","אריה אלדד","חבר כנסת באופוזיציה","Male","זכר",TRUE,"haichud_haleumi","http://www.knesset.gov.il/mk/images/members/eldad_aryeh-s.jpg","aeldad@knesset.gov.il","02-6496011","02-6408433","כפר אדומים",31.819085,35.349369,4,6,135,11,5,4,"נשוי","Married",7.29,27.9,01/05/50,"תל אביב, ישראל",,24/02/09,5
"Bibi_Arie","Bibi Arie","אריה ביבי","חבר כנסת באופוזיציה","Male","זכר",TRUE,"kadima","http://www.knesset.gov.il/mk/images/members/Bibi_Arie-s.jpg","abibi@knesset.gov.il","02-6753363","02-6408034","פתח תקווה",32.0888278,34.8863333,6,9,28,3,0,0,"נשוי","Married",10.1,17.1,28/04/43,"עיראק",1950,24/02/09,4
"beneliezer_binyamin","Beneliezer Binyamin","בנימין (פואד) בן-אליעזר","חבר כנסת באופוזיציה","Male","זכר",TRUE,"haavoda","http://www.knesset.gov.il/mk/images/members/beneliezer_binyamin-s.jpg","binyaminb@knesset.gov.il",,"02-6408371","ראשון לציון",31.9621389,34.8045361,7,9,0,0,0,0,"נשוי","Married",0,4,12/02/36,"בצרה, עיראק",1950,24/02/09,5
"netanyahu_bibi","Netanyahu Bibi","בנימין נתניהו","ראש ממשלה, שר לאסטרטגיה כלכלית, שר לענייני גמלאים, שר הבריאות","Male","זכר",TRUE,"halikud","http://www.knesset.gov.il/mk/images/members/netanyahu_bibi-s.jpg","bnetanyahu@knesset.gov.il","02-6496659","02-6408456","ירושלים",31.7857,35.2007,4,9,0,0,0,0,"נשוי","Married",0.04,6.8,21/10/49,"תל אביב, ישראל",,24/02/09,3
"zahalka_jamal","Zahalka Jamal","ג`מאל זחאלקה","חבר כנסת באופוזיציה","Male","זכר",TRUE,"balad","http://www.knesset.gov.il/mk/images/members/zahalka_jamal-s.jpg","jzhalka@knesset.gov.il","02-6753182","02-6408309","כפר קרע",32.505517,35.054252,4,6,26,4,1,1,"נשוי","Married",3.55,14.6,11/01/55,"ישראל",,24/02/09,3
"saar_gidon","Saar Gidon","גדעון סער","שר החינוך","Male","זכר",TRUE,"halikud","http://www.knesset.gov.il/mk/images/members/saar_gidon-s.jpg","gsaar@knesset.gov.il","02-6753525","02-6408131","תל אביב",32.0554,34.7595,8,10,0,0,0,0,"נשוי","Married",2,9.4,09/12/66,"תל אביב, ישראל",,24/02/09,2
"ezra_gidon","Ezra Gidon","גדעון עזרא","חבר כנסת באופוזיציה","Male","זכר",TRUE,"kadima","http://www.knesset.gov.il/mk/images/members/ezra_gidon-s.jpg","gezra@knesset.gov.il","02-6753510","02-6753800","כוכב יאיר",32.220934,34.992399,8,7,28,10,3,2,"נשוי","Married",2.66,20.2,30/06/37,"ירושלים, ישראל",,24/02/09,3
"gamliel_gila","Gamliel Gila","גילה גמליאל","סגנית שר לקידום צעירים, סטודנטים ונשים במשרד ראש הממשלה","Female","נקבה",TRUE,"halikud","http://www.knesset.gov.il/mk/images/members/gamliel_gila-s.jpg","ggamliel@knesset.gov.il","02-6408928","02-6408463","תל אביב",32.0554,34.7595,8,10,1,0,0,0,"נשואה","Married",0.46,7,24/02/74,"גדרה, ישראל",,24/02/09,
"erdan_gilad","Erdan Gilad","גלעד ארדן","שר להגנת הסביבה","Male","זכר",TRUE,"halikud","http://www.knesset.gov.il/mk/images/members/erdan_gilad-s.jpg","gerdan@knesset.gov.il","02-6753982","02-6753333","אשקלון",31.6666667,34.5666667,5,6,0,0,0,0,"נשוי","Married",1.3,10.1,30/09/70,"אשקלון, ישראל",,24/02/09,2
"khenin_dov","Khenin Dov","דב חנין","חבר כנסת באופוזיציה","Male","זכר",TRUE,"hadash","http://www.knesset.gov.il/mk/images/members/khenin_dov-s.jpg","dhanin@knesset.gov.il","02-6753931","02-6408125","תל אביב",32.0554,34.7595,8,10,363,27,7,5,"נשוי","Married",18.31,20.4,10/01/58,"פתח-תקווה, ישראל",,24/02/09,3
"azoulay_david","Azoulay David","דוד אזולאי","יו""ר ועדת הפנים והגנת הסביבה","Male","זכר",TRUE,"shas","http://www.knesset.gov.il/mk/images/members/azoulay_david-s.jpg","dazulay@knesset.gov.il","02-6753908","02-6408453","עכו",32.9206,35.1003,4,4,111,17,4,1,"נשוי","Married",14.61,20.8,05/05/54,"מרוקו",1963,24/02/09,4
"David_Rotem","David Rotem","דוד רותם","יו""ר ועדת החוקה, חוק ומשפט","Male","זכר",TRUE,"israel_beytenu","http://www.knesset.gov.il/mk/images/members/David_Rotem-s.jpg","drotem@knesset.gov.il","02-6496506","02-6408317","אפרת",31.653528,35.149899,6,5,62,13,4,0,"נשוי","Married",18.8,37.9,11/01/49,"ישראל",,24/02/09,5
"itzik_dalia","Itzik Dalia","דליה איציק","חברת כנסת באופוזיציה","Female","נקבה",TRUE,"kadima","http://www.knesset.gov.il/mk/images/members/itzik_dalia-s.jpg","dizik@knesset.gov.il","02-6496193","02-6408866","ירושלים",31.7857,35.2007,4,9,23,4,2,2,"נשואה","Married",0.64,12.8,20/10/52,"ירושלים, ישראל",,24/02/09,3
"meridor_dan","Meridor Dan","דן מרידור","סגן ראש הממשלה, שר המופקד על שירותי המודיעין והוועדה לאנרגיה אטומית","Male","זכר",TRUE,"halikud","http://www.knesset.gov.il/mk/images/members/meridor_dan-s.jpg","dmeridor@KNESSET.GOV.IL",,"02-6408395","ירושלים",31.7857,35.2007,4,9,0,0,0,0,"נשוי","Married",0.04,6,23/04/47,"ירושלים, ישראל",,24/02/09,4
"danon_danny","Danon Danny","דני דנון","יו""ר ועדת העלייה, הקליטה והתפוצות","Male","זכר",TRUE,"halikud","http://www.knesset.gov.il/mk/images/members/danon_danny-s.jpg","ddanon@knesset.gov.il",,"02-6408699","מושב משמרת",32.227578,34.922061,8,7,68,17,3,3,"נשוי","Married",9.21,17.5,08/05/71,"ישראל",,24/02/09,3
"Ayalon_Daniel","Ayalon Daniel","דניאל אילון","סגן שר החוץ","Male","זכר",TRUE,"israel_beytenu","http://www.knesset.gov.il/mk/images/members/Ayalon_Daniel-s.jpg","dayalon@knesset.gov.il",,"02-6408010","הוד השרון",32.15,34.8833333,8,8,9,0,0,0,"נשוי","Married",0.22,8.5,17/12/55,"ישראל",,24/02/09,2
"Ben_Simon_Daniel","Ben Simon Daniel","דניאל בן-סימון","חבר כנסת באופוזיציה","Male","זכר",TRUE,"haavoda","http://www.knesset.gov.il/mk/images/members/Ben_Simon_Daniel-s.jpg","dbensimon@knesset.gov.il",,"02-6408850","תל אביב",32.0554,34.7595,8,10,16,3,2,1,"גרוש","Divorced",4.33,15.1,29/04/54,"מרוקו",1969,24/02/09,4
"Hershkowitz_Daniel","Hershkowitz Daniel","דניאל הרשקוביץ","שר המדע והטכנולוגיה","Male","זכר",TRUE,"habait_hayehudi","http://www.knesset.gov.il/mk/images/members/Hershkowitz_Daniel-s.jpg","dhershkovitz@knesset.gov.il","02-6496159","02-6496100","חיפה",32.7938,35.0282,7,6,0,0,0,0,"נשוי","Married",0.83,8,02/01/53,"ישראל",,24/02/09,5
"elkin_zeev","Elkin Zeev","זאב אלקין","חבר כנסת בקואליציה","Male","זכר",TRUE,"halikud","http://www.knesset.gov.il/mk/images/members/elkin_zeev-s.jpg","Zelkin@knesset.gov.il","02-6496438","02-6408147","ירושלים",31.7857,35.2007,4,9,67,19,10,7,"גרוש","Divorced",13.16,21.9,03/04/71,"חרקוב, ברית המועצות",,24/02/09,2
"boim_zev","Boim Zev","זאב בוים","חבר כנסת באופוזיציה","Male","זכר",TRUE,"kadima","http://www.knesset.gov.il/mk/images/members/boim_zev-s.jpg","zeevb@knesset.gov.il","02-6496062","02-6408411","הרצליה",32.1682,34.8125,8,8,12,0,0,0,"נשוי","Married",0.34,7.7,30/04/43,"ירושלים, ישראל",,24/02/09,3
"Bielski_Zeev","Bielski Zeev","זאב בילסקי","חבר כנסת באופוזיציה","Male","זכר",TRUE,"kadima","http://www.knesset.gov.il/mk/images/members/Bielski_Zeev-s.jpg","zeevik@knesset.gov.il",,"02-6408189","רעננה",32.1833333,34.8666667,8,8,64,13,4,2,"נשוי","Married",5.51,15.4,13/03/49,"ישראל",,24/02/09,3
"begin_beni","Begin Beni","זאב בנימין  בגין","שר","Male","זכר",TRUE,"halikud","http://www.knesset.gov.il/mk/images/members/begin_beni-s.jpg","bbegin@knesset.gov.il",,"02-6408022","ירושלים",31.7857,35.2007,4,9,0,0,0,0,"נשוי","Married",0,9.7,01/03/43,"ירושלים, ישראל",,24/02/09,6
"orlev_zevulun","Orlev Zevulun","זבולון אורלב","יו""ר ועדה לזכויות הילד","Male","זכר",TRUE,"habait_hayehudi","http://www.knesset.gov.il/mk/images/members/orlev_zevulun-s.jpg","zorlev@knesset.gov.il","02-6753709","02-6408054","ירושלים",31.7857,35.2007,4,9,241,38,15,10,"נשוי","Married",19.16,32.8,09/11/45,"רחובות, ישראל",,24/02/09,4
"oron_chaim","Oron Chaim","חיים אורון","חבר כנסת באופוזיציה","Male","זכר",TRUE,"meretz","http://www.knesset.gov.il/mk/images/members/oron_chaim-s.jpg","horon@knesset.gov.il","02-6408904","02-6408348","קיבוץ להב",31.379361,34.871292,7,5,107,10,3,3,"נשוי","Married",19.17,19,26/03/40,"תל אביב, ישראל",,24/02/09,4
"amsalem_haim","Amsalem Haim","חיים אמסלם","חבר כנסת בקואליציה","Male","זכר",TRUE,"shas","http://www.knesset.gov.il/mk/images/members/amsalem_haim-s.jpg","eamsalem@knesset.gov.il","02-6496527","02-6408228","ירושלים",31.7857,35.2007,4,9,31,3,2,1,"נשוי","Married",6.92,23.8,12/10/59,"אורן, אלג`יר",1970,24/02/09,8
"katz_haim","Katz Haim","חיים כץ","יו""ר ועדת העבודה, הרווחה והבריאות","Male","זכר",TRUE,"halikud","http://www.knesset.gov.il/mk/images/members/katz_haim-s.jpg","hkatz@knesset.gov.il",,"02-6408144","שוהם",31.9966655,34.9427814,8,7,117,22,8,4,"נשוי","Married",15.18,16,21/12/47,"גרמניה",1949,24/02/09,3
"ramon_haim","Ramon Haim","חיים רמון","חבר כנסת לשעבר","Male","זכר",FALSE,"kadima","http://www.knesset.gov.il/mk/images/members/ramon_haim-s.jpg",,,,,,,,,0,0,0,0,,,0.7,,10/04/50,"יפו, ישראל",,24/02/09,
"Amar_Hamad","Amar Hamad","חמד עמאר","חבר כנסת בקואליציה","Male","זכר",TRUE,"israel_beytenu","http://www.knesset.gov.il/mk/images/members/Amar_Hamad-s.jpg","amarh@knesset.gov.il","02-6496054","02-6408170","שפרעם",32.802713,35.169038,3,5,23,9,1,0,"נשוי","Married",13.99,21.9,05/11/64,"ישראל",,24/02/09,3
"swaid_hana","Swaid Hana","חנא סוייד","חבר כנסת באופוזיציה","Male","זכר",TRUE,"hadash","http://www.knesset.gov.il/mk/images/members/swaid_hana-s.jpg","hswaid@knesset.gov.il","02-6496163","02-6408138","עילבון",32.838058,35.400009,4,4,39,2,1,1,"נשוי","Married",5.68,16.8,27/03/55,"עילבון, ישראל",,24/02/09,3
"Zuabi_Hanin","Zuabi Hanin","חנין זועבי","חברת כנסת באופוזיציה","Female","נקבה",TRUE,"balad","http://www.knesset.gov.il/mk/images/members/Zuabi_Hanin-s.jpg","hzoaby@knesset.gov.il","02-6496595","02-6408030","נצרת",32.6975,35.3069,4,6,14,1,0,0,"רווקה","Unmarried",3.71,17.9,23/05/69,"ישראל",,24/02/09,
"elsana_taleb","Elsana Taleb","טלב אלסאנע","יו""ר ועדה מיוחדת למאבק בנגע הסמים","Male","זכר",TRUE,"raam_taal","http://www.knesset.gov.il/mk/images/members/elsana_taleb-s.jpg","telsana@knesset.gov.il","02-6496160","02-6408139","לקיה",31.3249,34.866228,1,4,10,3,1,1,"נשוי","Married",3.96,15.4,25/12/60,"תל-ערד, ישראל",,24/02/09,5
"hasson_yoel","Hasson Yoel","יואל חסון","יו""ר ועדה לענייני ביקורת המדינה","Male","זכר",TRUE,"kadima","http://www.knesset.gov.il/mk/images/members/hasson_yoel-s.jpg","yhasson@knesset.gov.il","02-6496106","02-6408368","תל אביב",32.0554,34.7595,8,10,95,10,2,2,"רווק","Unmarried",7.64,15.7,02/04/73,"תל אביב, ישראל",,24/02/09,
"steinitz_yuval","Steinitz Yuval","יובל שטייניץ","שר האוצר","Male","זכר",TRUE,"halikud","http://www.knesset.gov.il/mk/images/members/steinitz_yuval-s.jpg","ysteinitz@knesset.gov.il","02-6496579","02-6408044","מבשרת ציון",31.7994444,35.1488889,8,7,0,0,0,0,"נשוי","Married",0.43,6.1,10/04/58,"ישראל",,24/02/09,3
"Plesner_yohanan","Plesner Yohanan","יוחנן פלסנר","חבר כנסת באופוזיציה","Male","זכר",TRUE,"kadima","http://www.knesset.gov.il/mk/images/members/Plesner_yohanan-s.jpg","yohananplesner@knesset.gov.il","02-6753408","02-6408551","הוד השרון",32.15,34.8833333,8,8,42,10,5,1,"לא נשוי","Unmarried",3.79,17.7,17/01/72,"אנגליה",,24/02/09,2
"edelstein_yoel","Edelstein Yoel","יולי - יואל אדלשטיין","שר ההסברה והתפוצות","Male","זכר",TRUE,"halikud","http://www.knesset.gov.il/mk/images/members/edelstein_yoel-s.jpg","yedelstein@knesset.gov.il","02-6758919","02-6408392","אלון שבות",31.65487,35.125257,4,5,24,2,0,0,"נשוי","Married",0.39,9.9,05/08/58,"אוקראינה",1987,24/02/09,2
"tamir_yuli","Tamir Yuli","יולי תמיר","חברת כנסת לשעבר","Female","נקבה",FALSE,"haavoda","http://www.knesset.gov.il/mk/images/members/tamir_yuli-s.jpg","ytamir@knesset.gov.il","02-6753976","02-6753437","תל אביב?",,,8,10,12,0,0,0,"גרושה","Divorced",1.02,9.9,26/02/54,"ישראל",,24/02/09,2
"Shamalov_Berkovich_Yulia","Shamalov Berkovich Yulia","יוליה שמאלוב ברקוביץ`","חברת כנסת באופוזיציה","Female","נקבה",TRUE,"kadima","http://www.knesset.gov.il/mk/images/members/Shamalov_Berkovich_Yulia-s.jpg","yulias@knesset.gov.il",,"02-6753333","הרצליה",32.1682,34.8125,8,8,24,4,0,0,"נשואה","Married",5.91,17.9,01/04/64,,,02/07/09,2
"Peled_Yossi","Peled Yossi","יוסי פלד","שר","Male","זכר",TRUE,"halikud","http://www.knesset.gov.il/mk/images/members/Peled_Yossi-s.jpg","ypeled@knesset.gov.il",,"02-6408043","תל אביב",32.0554,34.7595,8,10,0,0,0,0,"גרוש","Divorced",0.52,9.6,18/01/41,"בלגיה",,24/02/09,2
"Yaakov_Katzeleh_Katz","Yaakov Katzeleh Katz","יעקב (כצל`ה) כ”ץ","יו""ר ועדה מיוחדת לבעיית העובדים הזרים","Male","זכר",TRUE,"haichud_haleumi","http://www.knesset.gov.il/mk/images/members/Yaakov_Katzeleh_Katz-s.jpg","yakatz@knesset.gov.il","02-6753620","02-6408124","בית אל",31.941602,35.222726,4,5,41,5,2,1,"נשוי","Married",4.74,19.5,29/09/51,"ישראל",,24/02/09,7
"edri_yaakov","Edri Yaakov","יעקב אדרי","חבר כנסת באופוזיציה","Male","זכר",TRUE,"kadima","http://www.knesset.gov.il/mk/images/members/edri_yaakov-s.jpg","yedri@knesset.gov.il","02-6753929","02-6408306","אור עקיבא",32.5,34.9166667,5,6,24,6,3,2,"נשוי","Married",13.71,11.7,25/11/50,"מרוקו",1959,24/02/09,2
"lizman_yaakov","Lizman Yaakov","יעקב ליצמן","סגן שר הבריאות","Male","זכר",TRUE,"yehadut_hatora","http://www.knesset.gov.il/mk/images/members/lizman_yaakov-s.jpg","ylitzman@knesset.gov.il","02-6753730","02-6753651","ירושלים",31.7857,35.2007,4,9,0,0,0,0,"נשוי","Married",1.48,10.7,02/09/48,"גרמניה",,24/02/09,5
"margi_yaakov","Margi Yaakov","יעקב מרגי","שר לשירותי דת","Male","זכר",TRUE,"shas","http://www.knesset.gov.il/mk/images/members/margi_yaakov-s.jpg","ymargi@knesset.gov.il","02-6753759","02-6408187","מושב שדה צבי",31.4488889,34.7125,4,4,0,0,0,0,"נשוי","Married",0.52,8.8,18/11/60,"מרוקו",1962,24/02/09,2
"aharonovitch_yitzhak","Aharonovitch Yitzhak","יצחק אהרונוביץ","שר לביטחון פנים","Male","זכר",TRUE,"israel_beytenu","http://www.knesset.gov.il/mk/images/members/aharonovitch_yitzhak-s.jpg","iaharon@knesset.gov.il",,"02-6408825","אבן יהודה",32.270025,34.8874278,8,7,1,1,0,0,"נשוי","Married",0.52,13.1,22/08/50,"ירושלים, ישראל",,24/02/09,4
"herzog_yitzhak","Herzog Yitzhak","יצחק הרצוג","חבר כנסת באופוזיציה","Male","זכר",TRUE,"haavoda","http://www.knesset.gov.il/mk/images/members/herzog_yitzhak-s.jpg","iherzog@knesset.gov.il","02-6496542","02-6753647","תל אביב",32.0554,34.7595,8,10,0,0,0,0,"נשוי","Married",0.91,8.5,22/09/60,"תל אביב, ישראל",,24/02/09,3
"vaknin_yizhak","Vaknin Yizhak","יצחק וקנין","חבר כנסת בקואליציה","Male","זכר",TRUE,"shas","http://www.knesset.gov.il/mk/images/members/vaknin_yizhak-s.jpg","yvaknin@knesset.gov.il","02-6496079","02-6408106","יערה",33.0669444,35.1847222,5,3,24,8,3,2,"נשוי","Married",14.6,16.3,12/05/58,"ישראל",,24/02/09,5
"cohen_yitzhak","Cohen Yitzhak","יצחק כהן","סגן שר האוצר","Male","זכר",TRUE,"shas","http://www.knesset.gov.il/mk/images/members/cohen_yitzhak-s.jpg","izchakec@knesset.gov.il","02-6706157","02-6408397","אשקלון",31.6666667,34.5666667,5,6,0,0,0,0,"נשוי","Married",1.96,7.9,02/10/51,"אשקלון, ישראל",,24/02/09,10
"levin_yariv","Levin Yariv","יריב לוין","יו""ר ועדת הכנסת","Male","זכר",TRUE,"halikud","http://www.knesset.gov.il/mk/images/members/levin_yariv-s.jpg","ylevin@knesset.gov.il",,"02-6408051","מודיעין",32.109878,34.895582,8,7,124,30,12,7,"נשוי","Married",11,21.3,22/06/69,"ישראל",,24/02/09,3
"eichler_israel","Eichler Israel","ישראל אייכלר","חבר כנסת בקואליציה","Female","נקבה",TRUE,"yehadut_hatora","http://www.knesset.gov.il/mk/images/members/eichler_israel-s.jpg","eichler@knesset.gov.il",,"02-6753333","ירושלים",,,4,9,0,0,0,0,"נשוי","Married",0,,27/03/55,"ירושלים",,06/02/11,
"hasson_israel","Hasson Israel","ישראל חסון","חבר כנסת באופוזיציה","Male","זכר",TRUE,"kadima","http://www.knesset.gov.il/mk/images/members/hasson_israel-s.jpg","ahason@knesset.gov.il","02-6496585","02-6408465","טבעון",32.7238889,35.1272222,9,5,40,6,3,1,"נשוי","Married",5.84,16.1,27/04/55,"דמשק, סוריה",,24/02/09,4
"katz_yisrael","Katz Yisrael","ישראל כץ","שר התחבורה והבטיחות בדרכים","Male","זכר",TRUE,"halikud","http://www.knesset.gov.il/mk/images/members/katz_yisrael-s.jpg","yiskatz@knesset.gov.il","02-6496525","02-6408174","כפר אחים",31.7447222,34.7575,6,6,0,0,0,0,"נשוי","Married",0.3,5.7,21/09/55,"אשקלון, ישראל",,24/02/09,2
"Shama_Carmel","Shama Carmel","כרמל שאמה","יו""ר ועדת הכלכלה","Male","זכר",TRUE,"halikud","http://www.knesset.gov.il/mk/images/members/Shama_Carmel-s.jpg","kshama@knesset.gov.il",,"02-6408107","רמת גן",32.070065,34.8246,8,10,92,16,2,1,"נשוי","Married",14.84,17.6,16/08/73,"ישראל",,24/02/09,3
"nass_lea","Nass Lea","לאה נס","סגנית שר לענייני גמלאים","Female","נקבה",TRUE,"halikud","http://www.knesset.gov.il/mk/images/members/nass_lea-s.jpg","lnes@KNESSET.GOV.IL",,"02-6408343","גבעת שמואל",32.0780556,34.8488889,8,9,0,0,0,0,"נשואה","Married",0.3,5.7,27/12/61,"ישראל",,24/02/09,5
"shemtov_lia","Shemtov Lia","ליה שמטוב","חברת כנסת בקואליציה","Female","נקבה",TRUE,"israel_beytenu","http://www.knesset.gov.il/mk/images/members/shemtov_lia-s.jpg","lshemtov@knesset.gov.il","050-8967400","02-6408329","הרצליה",32.1682,34.8125,8,8,51,7,2,2,"נשואה","Married",8.46,19.5,25/05/58,"צ`רנוביץ, אוקראינה",,24/02/09,2
"livnat_limor","Livnat Limor","לימור לבנת","שרת התרבות והספורט","Female","נקבה",TRUE,"halikud","http://www.knesset.gov.il/mk/images/members/livnat_limor-s.jpg","llivnat@knesset.gov.il","02-6496406","02-6408175","תל אביב",32.0554,34.7595,8,10,0,0,0,0,"נשואה","Married",0.61,6.7,22/09/50,"חיפה, ישראל",,24/02/09,2
"porush_meir","Porush Meir","מאיר פרוש","חבר כנסת לשעבר","Male","זכר",FALSE,"yehadut_hatora","http://www.knesset.gov.il/mk/images/members/porush_meir-s.jpg","mporush@knesset.gov.il","02-6408914","02-6408428","ירושלים",31.7857,35.2007,4,9,1,0,0,0,"נשוי","Married",0.21,6.6,11/06/55,"ירושלים, ישראל",,24/02/09,12
"shitrit_meir","Shitrit Meir","מאיר שטרית","יו""ר ועדת  המדע  והטכנולוגיה","Male","זכר",TRUE,"kadima","http://www.knesset.gov.il/mk/images/members/shitrit_meir-s.jpg","mshitrit@knesset.gov.il","02-6408920","02-6408410","יבנה",31.8833333,34.7333333,6,7,57,12,2,0,"נשוי","Married",4.49,17.3,10/10/48,"קסר-אסוק, מרוקו",1957,24/02/09,2
"whbee_majalli","Whbee Majalli","מגלי והבה","חבר כנסת באופוזיציה","Male","זכר",TRUE,"kadima","http://www.knesset.gov.il/mk/images/members/whbee_majalli-s.jpg","mwahaba@knesset.gov.il","02-6408923","02-6408400","בית ג'אן",32.965683,35.381298,3,4,23,8,4,3,"נשוי","Married",7.67,17,12/02/54,"ישראל",,24/02/09,4
"baraka_mohamed","Baraka Mohamed","מוחמד ברכה","חבר כנסת באופוזיציה","Male","זכר",TRUE,"hadash","http://www.knesset.gov.il/mk/images/members/baraka_mohamed-s.jpg","mbarakeh@knesset.gov.il","02-6408911","02-6408418","שפרעם",32.802713,35.169038,3,5,64,2,2,1,"נשוי","Married",3.96,7.7,25/07/55,"ישראל",,24/02/09,3
"eitan_michael","Eitan Michael","מיכאל איתן","שר המופקד על שיפור השירות הממשלתי לציבור","Male","זכר",TRUE,"halikud","http://www.knesset.gov.il/mk/images/members/eitan_michael-s.jpg","meitan@knesset.gov.il",,"02-6408025","שדרות",31.523432,34.595282,5,5,0,0,0,0,"נשוי","Married",0.61,22.3,06/03/44,"תל אביב, ישראל",,24/02/09,3
"Ben_Ari_Michael","Ben Ari Michael","מיכאל בן-ארי","חבר כנסת באופוזיציה","Male","זכר",TRUE,"haichud_haleumi","http://www.knesset.gov.il/mk/images/members/Ben_Ari_Michael-s.jpg","mbenary@knesset.gov.il","02-6753941","02-6408320","קרני שומרון",32.171544,35.097456,6,5,13,2,0,0,"נשוי","Married",5.88,26.7,12/10/63,"ישראל",,24/02/09,7
"regev_miri","Regev Miri","מירי רגב","חברת כנסת בקואליציה","Female","נקבה",TRUE,"halikud","http://www.knesset.gov.il/mk/images/members/regev_miri-s.jpg","mregev@knesset.gov.il",,"02-6408178","ראש העין",32.099299,34.953175,6,8,94,16,2,2,"נשואה","Married",8.2,21.8,26/05/65,"ישראל",,24/02/09,3
"moses_menachem","Moses Menachem","מנחם אליעזר מוזס","סגן שר החינוך","Male","זכר",TRUE,"yehadut_hatora","http://www.knesset.gov.il/mk/images/members/moses_menachem-s.jpg","mmozes@knesset.gov.il","02-6496456","02-6408005","ירושלים",31.7857,35.2007,4,9,22,6,1,0,"נשוי","Married",6.22,21.3,20/10/46,"ישראל",,24/02/09,10
"Ganaim_Masud","Ganaim Masud","מסעוד גנאים","חבר כנסת באופוזיציה","Male","זכר",TRUE,"raam_taal","http://www.knesset.gov.il/mk/images/members/Ganaim_Masud-s.jpg","mganaeim@knesset.gov.il",,"02-6408158","סכנין",32.8666667,35.3,2,4,13,3,0,0,"נשוי","Married",5.46,16,14/02/65,"ישראל",,24/02/09,3
"solodkin_marina","Solodkin Marina","מרינה סולודקין","חברת כנסת באופוזיציה","Female","נקבה",TRUE,"kadima","http://www.knesset.gov.il/mk/images/members/solodkin_marina-s.jpg","msolodkin@knesset.gov.il",26408905,"02-6408322","אשקלון",31.6666667,34.5666667,5,6,77,11,3,3,"נשואה","Married",10.12,20.5,31/05/52,"מוסקבה, ברית המועצות",1991,24/02/09,2
"gafni_moshe","Gafni Moshe","משה גפני","יו""ר ועדת הכספים","Male","זכר",TRUE,"yehadut_hatora","http://www.knesset.gov.il/mk/images/members/gafni_moshe-s.jpg","mgafni@knesset.gov.il","02-6408901","02-6408014","בני ברק",32.0833333,34.8333333,2,10,99,24,12,7,"נשוי","Married",23.49,21.7,05/05/52,"תל אביב, ישראל",,24/02/09,3
"yaalon_moshe","Yaalon Moshe","משה יעלון","משנה לראש הממשלה, שר לנושאים אסטרטגיים","Male","זכר",TRUE,"halikud","http://www.knesset.gov.il/mk/images/members/yaalon_moshe-s.jpg","myaalon@knesset.gov.il",,"02-6408891","מכבים רעות",31.888854,35.025144,8,7,0,0,0,0,"נשוי","Married",0,6.1,24/06/50,"ישראל",,24/02/09,3
"cahlon_moshe","Cahlon Moshe","משה כחלון","שר התקשורת, שר הרווחה והשרותים החברתיים","Male","זכר",TRUE,"halikud","http://www.knesset.gov.il/mk/images/members/cahlon_moshe-s.jpg","mcachlon@knesset.gov.il","02-6408902","02-6408365","חיפה",32.7938,35.0282,7,6,0,0,0,0,"נשוי","Married",1.43,10.2,19/11/60,"ישראל",,24/02/09,3
"matalon_moshe_mutz","Matalon Moshe Mutz","משה מוץ מטלון","חבר כנסת בקואליציה","Male","זכר",TRUE,"israel_beytenu","http://www.knesset.gov.il/mk/images/members/matalon_moshe_mutz-s.jpg","mmatalon@knesset.gov.il","02-6408916","02-6408011","נצרת עילית",32.7166667,35.3333333,6,5,62,11,3,1,"נשוי","Married",6.16,15.7,12/05/53,"ישראל",,24/02/09,4
"nahari_meshulam","Nahari Meshulam","משולם נהרי","שר","Male","זכר",TRUE,"shas","http://www.knesset.gov.il/mk/images/members/nahari_meshulam-s.jpg","mnahari@knesset.gov.il","02-6496447","02-6408446","ירושלים",31.7857,35.2007,4,9,0,0,0,0,"נשוי","Married",0.17,8.4,07/05/51,"ישראל",,24/02/09,5
"vilnai_matan","Vilnai Matan","מתן וילנאי","שר להגנת העורף","Male","זכר",TRUE,"haatzmaut","http://www.knesset.gov.il/mk/images/members/vilnai_matan-s.jpg","matanv@knesset.gov.il","02-6408903","02-6408332","מושב שורש",31.7966,35.0653,6,6,0,0,0,0,"נשוי","Married",0.13,9.2,20/05/44,"ירושלים, ישראל",,24/02/09,3
"nachman_shai","Nachman Shai","נחמן שי","חבר כנסת באופוזיציה","Male","זכר",TRUE,"kadima","http://www.knesset.gov.il/mk/images/members/nachman_shai-s.jpg","nshai@knesset.gov.il",,"02-6408040","מבשרת ציון",31.7994444,35.1488889,8,7,36,8,2,1,"נשוי","Married",8.09,22.2,28/11/46,"ישראל",,24/02/09,3
"Nino_Abesadze","Nino Abesadze","נינו אבסדזה","חברת כנסת באופוזיציה","Female","נקבה",TRUE,"kadima","http://www.knesset.gov.il/mk/images/members/Nino_Abesadze-s.jpg","nabesadze@knesset.gov.il",,"02-6408111",,,,,,2,0,0,0,"גרושה","Divorced",0,0,12/04/65,"ברית המועצות",1996,09/11/10,
"Horowitz_Nitzan","Horowitz Nitzan","ניצן הורוביץ","חבר כנסת באופוזיציה","Male","זכר",TRUE,"meretz","http://www.knesset.gov.il/mk/images/members/Horowitz_Nitzan-s.jpg","nhorowitz@knesset.gov.il",,"02-6408191","תל אביב",32.0554,34.7595,8,10,95,13,2,2,"זוגיות","Partnership",7.77,17.6,24/02/65,"ישראל",,24/02/09,
"zeev_nissim","Zeev Nissim","נסים זאב","חבר כנסת בקואליציה","Male","זכר",TRUE,"shas","http://www.knesset.gov.il/mk/images/members/zeev_nissim-s.jpg","nzeev@knesset.gov.il","02-6496549","02-6408198","ירושלים",31.7857,35.2007,4,9,44,5,2,2,"נשוי","Married",7.92,21.9,09/09/51,"ישראל",,24/02/09,
"landver_sofa","Landver Sofa","סופה לנדבר","שרה לקליטת עלייה","Female","נקבה",TRUE,"israel_beytenu","http://www.knesset.gov.il/mk/images/members/landver_sofa-s.jpg","slandver@knesset.gov.il","02-6496744","02-6408183","אשדוד",31.8198,34.6696,5,7,34,5,2,2,"נשואה","Married",0.8,6,28/10/49,"לנינגרד, רוסיה",1979,24/02/09,1
"miznikov_stas","Miznikov Stas","סטס מיסז`ניקוב","שר התיירות","Male","זכר",TRUE,"israel_beytenu","http://www.knesset.gov.il/mk/images/members/miznikov_stas-s.jpg","smiseznikov@knesset.gov.il","02-6753372","02-6408111","ראשון לציון",31.9621389,34.8045361,7,9,7,1,0,0,"נשוי","Married",0.09,5.3,28/02/69,"מוסקבה, ברית המועצות",,24/02/09,3
"shalom_silvan","Shalom Silvan","סילבן שלום","משנה לראש הממשלה, שר לשיתוף פעולה איזורי, שר לפיתוח הנגב והגליל","Male","זכר",TRUE,"halikud","http://www.knesset.gov.il/mk/images/members/shalom_silvan-s.jpg","sshalom@knesset.gov.il","02-6753792","02-6408377","רמת גן",32.070065,34.8246,8,10,0,0,0,0,"נשוי","Married",0.04,6,04/08/58,"גבס, טוניסיה",1959,24/02/09,5
"naffa_said","Naffa Said","סעיד נפאע","חבר כנסת באופוזיציה","Male","זכר",TRUE,"balad","http://www.knesset.gov.il/mk/images/members/naffa_said-s.jpg","snafaa@knesset.gov.il",,"02-6408380","בית ג'אן",32.965683,35.381298,3,4,16,5,0,0,"נשוי","Married",1.38,13.7,01/04/53,"ישראל",,24/02/09,9
"landau_uzi","Landau Uzi","עוזי לנדאו","שר התשתיות הלאומיות","Male","זכר",TRUE,"israel_beytenu","http://www.knesset.gov.il/mk/images/members/landau_uzi-s.jpg","ulandau@KNESSET.GOV.IL",,"02-6408055","רעננה",32.1833333,34.8666667,8,8,0,0,0,0,"נשוי","Married",0.17,8.2,02/08/43,"חיפה, ישראל",,24/02/09,3
"Einat_Wilf","Einat Wilf","עינת וילף","חברת כנסת בקואליציה","Female","נקבה",TRUE,"haatzmaut","http://www.knesset.gov.il/mk/images/members/Einat_Wilf-s.jpg","einatw@knesset.gov.il","02-6753673","02-6408027","תל אביב",32.0554,34.7595,8,10,7,1,0,0,"נשואה","Married",4.05,7.2,11/12/70,"ירושלים, ישראל",,10/01/10,
"peretz_amir","Peretz Amir","עמיר פרץ","חבר כנסת באופוזיציה","Male","זכר",TRUE,"haavoda","http://www.knesset.gov.il/mk/images/members/peretz_amir-s.jpg","aperetz@knesset.gov.il","02-6753360","02-6408115","שדרות",31.523432,34.595282,5,5,34,2,0,0,"נשוי","Married",4.8,15.5,09/03/52,"בוזר, מרוקו",1956,24/02/09,4
"Agbaria_Afou","Agbaria Afou","עפו אגבאריה","חבר כנסת באופוזיציה","Male","זכר",TRUE,"hadash","http://www.knesset.gov.il/mk/images/members/Agbaria_Afou-s.jpg","aagbariya@knesset.gov.il",,"02-8408139","אום אל פאחם",32.5194444,35.1536111,2,6,33,4,0,0,"נשוי","Married",5.93,12.1,13/05/49,"ישראל",,24/02/09,3
"schneller_otniel","Schneller Otniel","עתניאל שנלר","חבר כנסת באופוזיציה","Male","זכר",TRUE,"kadima","http://www.knesset.gov.il/mk/images/members/schneller_otniel-s.jpg","oschneller@knesset.gov.il","02-6496742","02-6408383","מעלה מכמש",31.87913,35.305904,3,6,39,10,4,3,"נשוי","Married",3.31,31.8,28/01/52,"ירושלים, ישראל",,24/02/09,4
"Kirshenbaum_Faina","Kirshenbaum Faina","פאינה (פניה) קירשנבאום","חברת כנסת בקואליציה","Female","נקבה",TRUE,"israel_beytenu","http://www.knesset.gov.il/mk/images/members/Kirshenbaum_Faina-s.jpg","fkirshenbaum@knesset.gov.il",,"02-6408865",,,,3,6,46,10,5,1,"נשואה","Married",15.02,17,27/11/55,"ברית המועצות",,24/02/09,3
"hanegbi_tzahi","Hanegbi Tzahi","צחי הנגבי","חבר כנסת לשעבר","Male","זכר",FALSE,"kadima","http://www.knesset.gov.il/mk/images/members/hanegbi_tzahi-s.jpg","zhanegbi@knesset.gov.il","02-6753100","02-6408532","מבשרת ציון",31.7994444,35.1488889,8,7,12,6,2,2,"נשוי","Married",0.53,18,26/02/57,"ירושלים, ישראל",,24/02/09,4
"Pinyan_Zion","Pinyan Zion","ציון פיניאן","חבר כנסת בקואליציה","Male","זכר",TRUE,"halikud","http://www.knesset.gov.il/mk/images/members/Pinyan_Zion-s.jpg","zpinian@knesset.gov.il","02-6753182","02-6408308","טבריה",32.7897222,35.5247222,5,4,82,8,3,2,"נשוי","Married",25.69,22.6,01/01/51,"מרוקו",1956,24/02/09,6
"Hotovely_Tzipi","Hotovely Tzipi","ציפי חוטובלי","יו""ר ועדה לקידום מעמד האישה","Female","נקבה",TRUE,"halikud","http://www.knesset.gov.il/mk/images/members/Hotovely_Tzipi-s.jpg","zhotovely@knesset.gov.il","02-6753719","02-6408874","רחובות",31.892772,34.811274,6,8,63,9,3,1,"רווקה","Unmarried",5.32,18.3,02/12/78,"ישראל",,24/02/09,
"livnee_zipi","Livnee Zipi","ציפי לבני","חברת כנסת באופוזיציה","Female","נקבה",TRUE,"kadima","http://www.knesset.gov.il/mk/images/members/livnee_zipi-s.jpg","zlivni@knesset.gov.il","02-6753792","02-6408458","תל אביב",32.0554,34.7595,8,10,0,0,0,0,"נשואה","Married",0.1,14.9,08/07/58,"ישראל",,24/02/09,2
"rivlin_rubi","Rivlin Rubi","ראובן ריבלין","יו""ר הכנסת, יו""ר ועדת הפירושים","Male","זכר",TRUE,"halikud","http://www.knesset.gov.il/mk/images/members/rivlin_rubi-s.jpg","rrivlin@knesset.gov.il","02-6496193","02-6753444","ירושלים",31.7857,35.2007,4,9,0,0,0,0,"נשוי","Married",2.35,28.5,09/09/39,"ירושלים, ישראל",,24/02/09,4
"majadele_ralev","Majadele Ralev","ראלב מג`אדלה","חבר כנסת באופוזיציה","Male","זכר",TRUE,"haavoda","http://www.knesset.gov.il/mk/images/members/majadele_ralev-s.jpg","gmagadla@knesset.gov.il",,"02-6408874","באקה אל גרבייה",32.4203278,35.0421806,4,6,7,2,1,1,"נשוי","Married",9.25,15,05/04/53,"באקה אל גרביה",,13/04/10,4
"ilatov_robert","Ilatov Robert","רוברט אילטוב","חבר כנסת בקואליציה","Male","זכר",TRUE,"israel_beytenu","http://www.knesset.gov.il/mk/images/members/ilatov_robert-s.jpg","rilatov@knesset.gov.il","02-6753689","02-6408155","נתניה",32.3462,34.8615,6,7,113,30,10,5,"נשוי","Married",7.39,16,12/11/71,"אנדיז`אן, ברית המועצות",,24/02/09,1
"Tiviaev_Robert","Tiviaev Robert","רוברט טיבייב","חבר כנסת באופוזיציה","Male","זכר",TRUE,"kadima","http://www.knesset.gov.il/mk/images/members/Tiviaev_Robert-s.jpg","tiviaev@knesset.gov.il","02-6753617","02-6408116","אופקים",31.2833333,34.6166667,4,4,54,6,0,0,"נשוי","Married",7.43,16.6,22/06/61,"ברית המועצות",1994,24/02/09,2
"avraham_ruhama","Avraham Ruhama","רוחמה אברהם בלילא","חברת כנסת באופוזיציה","Female","נקבה",TRUE,"kadima","http://www.knesset.gov.il/mk/images/members/avraham_ruhama-s.jpg","ravraham@knesset.gov.il","02-6753764","02-6408432","ראשון לציון",31.9621389,34.8045361,7,9,49,7,0,0,,,1.38,14.7,29/01/64,"ראשון-לציון, ישראל",,24/02/09,2
"baron_roni","Baron Roni","רוני בר-און","חבר כנסת באופוזיציה","Male","זכר",TRUE,"kadima","http://www.knesset.gov.il/mk/images/members/baron_roni-s.jpg","rbaron@knesset.gov.il","02-6753966","02-6408461","מוצא עילית",31.793589,35.157002,6,6,10,2,1,1,"נשוי","Married",0.48,16.2,02/06/48,"תל אביב, ישראל",,24/02/09,3
"tirosh_ronit","Tirosh Ronit","רונית תירוש","חברת כנסת באופוזיציה","Female","נקבה",TRUE,"kadima","http://www.knesset.gov.il/mk/images/members/tirosh_ronit-s.jpg","rtirosh@knesset.gov.il","02-6408912","02-6408423","רמת גן",32.070065,34.8246,8,10,91,17,5,2,"נשואה","Married",11.24,16.5,08/12/53,"תל אביב, ישראל",,24/02/09,3
"Adatto_Rachel","Adatto Rachel","רחל אדטו","חברת כנסת באופוזיציה","Female","נקבה",TRUE,"kadima","http://www.knesset.gov.il/mk/images/members/Adatto_Rachel-s.jpg","radato@knesset.gov.il","02-6496507","02-6408151","מבשרת ציון",31.7994444,35.1488889,8,7,40,7,2,2,,,15.43,19.3,,"חיפה, ישראל",,24/02/09,2
"mofaz_shaul","Mofaz Shaul","שאול מופז","יו""ר ועדת החוץ והביטחון","Male","זכר",TRUE,"kadima","http://www.knesset.gov.il/mk/images/members/mofaz_shaul-s.jpg","shaulm@knesset.gov.il","02-6496562","02-6408046","כוכב יאיר",32.220934,34.992399,8,7,10,0,0,0,"נשוי","Married",0.09,11,,"איראן, איראן",1957,24/02/09,4
"hermesh_shai","Hermesh Shai","שי חרמש","חבר כנסת באופוזיציה","Male","זכר",TRUE,"kadima","http://www.knesset.gov.il/mk/images/members/hermesh_shai-s.jpg","shermesh@knesset.gov.il","02-6753731","02-6408160","כפר עזה",31.483429,34.532304,7,5,55,12,5,3,"נשוי","Married",12.86,14.8,23/03/44,"ישראל",,24/02/09,5
"simhon_shalom","Simhon Shalom","שלום שמחון","שר התעשייה, המסחר והתעסוקה","Male","זכר",TRUE,"haatzmaut","http://www.knesset.gov.il/mk/images/members/simhon_shalom-s.jpg","ssimhon@knesset.gov.il","02-6496187","02-6408385","אבן מנחם",33.0738889,35.295,5,3,0,0,0,0,"נשוי","Married",0.43,8.8,07/12/56,"ישראל",,24/02/09,2
"yacimovich_shelly","Yacimovich Shelly","שלי יחימוביץ","יו""ר ועדת האתיקה","Female","נקבה",TRUE,"haavoda","http://www.knesset.gov.il/mk/images/members/yacimovich_shelly-s.jpg","syechimovich@knesset.gov.il","02-6753721","02-6408163","תל אביב",32.0554,34.7595,8,10,126,25,12,6,"לא נשואה","Unmarried",17.96,19.5,28/03/60,"כפר-סבא, ישראל",,24/02/09,2
"molla_shlomo","Molla Shlomo","שלמה (נגוסה) מולה","חבר כנסת באופוזיציה","Male","זכר",TRUE,"kadima","http://www.knesset.gov.il/mk/images/members/molla_shlomo-s.jpg","smolla@knesset.gov.il","02-649-6620","02-640-8205","ראשון לציון",31.9621389,34.8045361,7,9,100,7,4,3,"נשוי","Married",14.41,20.8,21/11/65,"אתיופיה",1984,24/02/09,3
